year,month,metro,city,cntr,custCnt,powerUsage,bill,unitCost,cntrPwr
2026,07,강원특별자치도,강릉시,가로등,16204,1692867,293263340,173.2,25085
2026,07,강원특별자치도,강릉시,교육용,122,3906154,641077003,164.1,68349
2026,07,강원특별자치도,강릉시,농사용,8079,4015105,376090072,93.7,67227
2026,07,강원특별자치도,강릉시,산업용,1346,62493584,12003415028,192.1,562312
2026,07,강원특별자치도,강릉시,심 야,7582,2442354,243044259,99.5,172840
2026,07,강원특별자치도,강릉시,일반용,24477,60722262,11471369375,188.9,632700
2026,07,강원특별자치도,강릉시,주택용,91890,31438807,4868282914,154.8,440840
2026,06,강원특별자치도,강릉시,가로등,16178,1695154,299617894,176.7,25050
2026,06,강원특별자치도,강릉시,교육용,122,3844991,576137475,149.8,68334
2026,06,강원특별자치도,강릉시,농사용,8054,3610811,341954487,94.7,67094
2026,06,강원특별자치도,강릉시,산업용,1339,64681302,12148783448,187.8,558042
2026,06,강원특별자치도,강릉시,심 야,7598,2973853,289267047,97.3,173371
2026,06,강원특별자치도,강릉시,일반용,24410,54097602,9436913542,174.4,621400
2026,06,강원특별자치도,강릉시,주택용,91843,26230368,4081532002,155.6,437080
2026,05,강원특별자치도,강릉시,가로등,16151,1779445,302558413,170,24980
2026,05,강원특별자치도,강릉시,교육용,121,3178736,440798271,138.7,67384
2026,05,강원특별자치도,강릉시,농사용,8019,3276635,315428183,96.3,66958
2026,05,강원특별자치도,강릉시,산업용,1340,77366573,12950749988,167.4,556774
2026,05,강원특별자치도,강릉시,심 야,7614,4481019,429191332,95.8,173644
2026,05,강원특별자치도,강릉시,일반용,24395,49073641,7954730221,162.1,620804
2026,05,강원특별자치도,강릉시,주택용,91760,25122544,3902652211,155.3,436763
2026,04,강원특별자치도,강릉시,가로등,16143,1902892,312246664,164.1,24965
2026,04,강원특별자치도,강릉시,교육용,120,4588924,606744512,132.2,66784
2026,04,강원특별자치도,강릉시,농사용,7997,3444549,327309114,95,66397
2026,04,강원특별자치도,강릉시,산업용,1335,72466053,12485432398,172.3,548794
2026,04,강원특별자치도,강릉시,심 야,7635,7864622,741702590,94.3,174259
2026,04,강원특별자치도,강릉시,일반용,24365,52525911,8360049006,159.2,620359
2026,04,강원특별자치도,강릉시,주택용,91728,27222687,4278414307,157.2,434973
2026,03,강원특별자치도,강릉시,가로등,16116,1944282,301587182,155.1,24934
2026,03,강원특별자치도,강릉시,교육용,120,4764487,679343410,142.6,66784
2026,03,강원특별자치도,강릉시,농사용,8245,3515268,331726758,94.4,64102
2026,03,강원특별자치도,강릉시,산업용,1338,63619109,10910234231,171.5,548597
2026,03,강원특별자치도,강릉시,심 야,7645,10251876,1084175649,105.8,174571
2026,03,강원특별자치도,강릉시,일반용,24325,54673174,9232494994,168.9,614392
2026,03,강원특별자치도,강릉시,주택용,91744,27694671,4275458481,154.4,435012
2026,02,강원특별자치도,강릉시,가로등,16105,2097123,324776601,154.9,24916
2026,02,강원특별자치도,강릉시,교육용,120,5202454,746852222,143.6,66634
2026,02,강원특별자치도,강릉시,농사용,7958,4494437,414014696,92.1,63151
2026,02,강원특별자치도,강릉시,산업용,1334,67048802,12346619935,184.1,549762
2026,02,강원특별자치도,강릉시,심 야,7663,13776766,1587364717,115.2,175437
2026,02,강원특별자치도,강릉시,일반용,24324,67183003,11742846021,174.8,615587
2026,02,강원특별자치도,강릉시,주택용,91707,31516445,5223589942,165.7,430388
2026,01,강원특별자치도,강릉시,가로등,16097,2307635,330526405,143.2,24805
2026,01,강원특별자치도,강릉시,교육용,120,5550646,793806764,143,66384
2026,01,강원특별자치도,강릉시,농사용,7952,4652799,432455129,92.9,64124
2026,01,강원특별자치도,강릉시,산업용,1330,65632108,12291251647,187.3,551956
2026,01,강원특별자치도,강릉시,심 야,7683,12909540,1493654256,115.7,176865
2026,01,강원특별자치도,강릉시,일반용,24318,67460949,11789190257,174.8,621148
2026,01,강원특별자치도,강릉시,주택용,91719,31910394,5298605024,166,431168
2025,12,강원특별자치도,강릉시,가로등,16075,2268965,321350648,141.6,24702
2025,12,강원특별자치도,강릉시,교육용,120,5110677,745778542,145.9,66384
2025,12,강원특별자치도,강릉시,농사용,7964,4201582,392855691,93.5,65198
2025,12,강원특별자치도,강릉시,산업용,1330,72199975,13363668029,185.1,549923
2025,12,강원특별자치도,강릉시,심 야,7704,9550472,1101162150,115.3,177386
2025,12,강원특별자치도,강릉시,일반용,24294,54929088,10068338591,183.3,612761
2025,12,강원특별자치도,강릉시,주택용,91693,28762770,4499610686,156.4,430323
2025,11,강원특별자치도,강릉시,가로등,16054,2147813,315190022,146.7,24679
2025,11,강원특별자치도,강릉시,교육용,120,3970422,566077024,142.6,66384
2025,11,강원특별자치도,강릉시,농사용,8230,4580119,420967670,91.9,66020
2025,11,강원특별자치도,강릉시,산업용,1330,69500826,12961806046,186.5,556408
2025,11,강원특별자치도,강릉시,심 야,7729,6648600,695836887,104.7,178151
2025,11,강원특별자치도,강릉시,일반용,24225,50898356,8829652748,173.5,610325
2025,11,강원특별자치도,강릉시,주택용,91670,27855367,4269119303,153.3,430160
2025,10,강원특별자치도,강릉시,가로등,16052,2035044,305573513,150.2,24681
2025,10,강원특별자치도,강릉시,교육용,120,3484200,477945117,137.2,66384
2025,10,강원특별자치도,강릉시,농사용,7952,4827420,442805114,91.7,65940
2025,10,강원특별자치도,강릉시,산업용,1323,59268306,10045927511,169.5,556344
2025,10,강원특별자치도,강릉시,심 야,7741,2825737,274265373,97.1,178494
2025,10,강원특별자치도,강릉시,일반용,24185,50938452,8104060519,159.1,608364
2025,10,강원특별자치도,강릉시,주택용,91643,26912811,4039567984,150.1,430073
2025,09,강원특별자치도,강릉시,가로등,16019,1945844,309058330,158.8,24642
2025,09,강원특별자치도,강릉시,교육용,120,4917467,735568167,149.6,66372
2025,09,강원특별자치도,강릉시,농사용,7939,5873967,529618810,90.2,65550
2025,09,강원특별자치도,강릉시,산업용,1327,60712545,10474669438,172.5,557325
2025,09,강원특별자치도,강릉시,심 야,7763,1949204,197522178,101.3,179088
2025,09,강원특별자치도,강릉시,일반용,24202,66060250,11181302807,169.3,607675
2025,09,강원특별자치도,강릉시,주택용,91611,37294173,6086250036,163.2,429918
2025,08,강원특별자치도,강릉시,가로등,15980,1845162,303998120,164.8,24596
2025,08,강원특별자치도,강릉시,교육용,120,3840810,642519844,167.3,66357
2025,08,강원특별자치도,강릉시,농사용,7911,5412116,494510679,91.4,64967
2025,08,강원특별자치도,강릉시,산업용,1325,61855509,11650788279,188.4,558744
2025,08,강원특별자치도,강릉시,심 야,7785,2115391,215150347,101.7,179652
2025,08,강원특별자치도,강릉시,일반용,24181,71995150,13142372912,182.5,599744
2025,08,강원특별자치도,강릉시,주택용,91511,41316245,6701233655,162.2,429556
2025,07,강원특별자치도,강릉시,가로등,15962,1719517,296494555,172.4,24559
2025,07,강원특별자치도,강릉시,교육용,120,4215836,681122895,161.6,66357
2025,07,강원특별자치도,강릉시,농사용,7878,4384067,406258307,92.7,64767
2025,07,강원특별자치도,강릉시,산업용,1321,59295843,11239076986,189.5,555812
2025,07,강원특별자치도,강릉시,심 야,7817,2344289,234071000,99.8,180497
2025,07,강원특별자치도,강릉시,일반용,24139,62404740,11721560943,187.8,601594
2025,07,강원특별자치도,강릉시,주택용,91536,33878056,5346510126,157.8,429588
2025,06,강원특별자치도,강릉시,가로등,15950,1723544,303080400,175.8,24540
2025,06,강원특별자치도,강릉시,교육용,120,3655065,549701445,150.4,66357
2025,06,강원특별자치도,강릉시,농사용,7865,3536409,334898251,94.7,64599
2025,06,강원특별자치도,강릉시,산업용,1322,65705441,12354944746,188,557332
2025,06,강원특별자치도,강릉시,심 야,7841,3528145,341232288,96.7,181186
2025,06,강원특별자치도,강릉시,일반용,24098,51936843,9156954815,176.3,596260
2025,06,강원특별자치도,강릉시,주택용,91439,26268117,4065470806,154.8,427669
2025,05,강원특별자치도,강릉시,가로등,15944,1771732,301068443,169.9,24513
2025,05,강원특별자치도,강릉시,교육용,121,3321330,457104112,137.6,66367
2025,05,강원특별자치도,강릉시,농사용,7837,3336007,318334845,95.4,64371
2025,05,강원특별자치도,강릉시,산업용,1325,73085903,12168766354,166.5,555522
2025,05,강원특별자치도,강릉시,심 야,7859,5430630,517210347,95.2,181608
2025,05,강원특별자치도,강릉시,일반용,24062,47067829,7697088955,163.5,600159
2025,05,강원특별자치도,강릉시,주택용,91348,25352477,3880844219,153.1,426545
2025,04,강원특별자치도,강릉시,가로등,15927,1945525,317188302,163,24548
2025,04,강원특별자치도,강릉시,교육용,121,4642883,619391109,133.4,66995
2025,04,강원특별자치도,강릉시,농사용,7828,3747938,344827333,92,64273
2025,04,강원특별자치도,강릉시,산업용,1327,74416156,12463578855,167.5,555621
2025,04,강원특별자치도,강릉시,심 야,7882,9077651,854341190,94.1,182217
2025,04,강원특별자치도,강릉시,일반용,24070,50816420,8103274771,159.5,599739
2025,04,강원특별자치도,강릉시,주택용,91262,27266585,4267609537,156.5,424851
2025,03,강원특별자치도,강릉시,가로등,15912,1974038,304743717,154.4,24459
2025,03,강원특별자치도,강릉시,교육용,122,4990528,724322327,145.1,67069
2025,03,강원특별자치도,강릉시,농사용,8050,4018004,361253939,89.9,61614
2025,03,강원특별자치도,강릉시,산업용,1323,77375091,13041615441,168.6,549566
2025,03,강원특별자치도,강릉시,심 야,7907,11950311,1264347939,105.8,182677
2025,03,강원특별자치도,강릉시,일반용,24047,54967370,9259071279,168.4,596040
2025,03,강원특별자치도,강릉시,주택용,91216,27441215,4245414954,154.7,424650
2025,02,강원특별자치도,강릉시,가로등,15890,2108201,325472879,154.4,24430
2025,02,강원특별자치도,강릉시,교육용,122,4929103,704279256,142.9,66859
2025,02,강원특별자치도,강릉시,농사용,7770,4835702,427811626,88.5,60892
2025,02,강원특별자치도,강릉시,산업용,1325,54083296,10174603795,188.1,531470
2025,02,강원특별자치도,강릉시,심 야,7925,15153410,1745731002,115.2,183588
2025,02,강원특별자치도,강릉시,일반용,24062,64100435,11249734609,175.5,591625
2025,02,강원특별자치도,강릉시,주택용,91226,31507147,5148589304,163.4,422638
2025,01,강원특별자치도,강릉시,가로등,15888,2275129,327412345,143.9,24425
2025,01,강원특별자치도,강릉시,교육용,122,5890772,816079541,138.5,66859
2025,01,강원특별자치도,강릉시,농사용,7766,4938034,426387256,86.3,60850
2025,01,강원특별자치도,강릉시,산업용,1331,61695780,11546399099,187.2,531566
2025,01,강원특별자치도,강릉시,심 야,7946,14557447,1675978613,115.1,184007
2025,01,강원특별자치도,강릉시,일반용,24037,64132867,11244671135,175.3,591371
2025,01,강원특별자치도,강릉시,주택용,91265,31661300,5141315807,162.4,422792
2024,12,강원특별자치도,강릉시,가로등,15833,2267926,321904140,141.9,24319
2024,12,강원특별자치도,강릉시,교육용,122,5221637,758406164,145.2,66809
2024,12,강원특별자치도,강릉시,농사용,7790,4543195,390645672,86,62236
2024,12,강원특별자치도,강릉시,산업용,1329,71927406,13482070165,187.4,541023
2024,12,강원특별자치도,강릉시,심 야,7952,10639242,1226277002,115.3,184372
2024,12,강원특별자치도,강릉시,일반용,23968,54029495,9875337158,182.8,580242
2024,12,강원특별자치도,강릉시,주택용,91170,28739063,4411298257,153.5,422420
2024,11,강원특별자치도,강릉시,가로등,15817,2188501,321224415,146.8,24288
2024,11,강원특별자치도,강릉시,교육용,122,3721414,540143532,145.1,66809
2024,11,강원특별자치도,강릉시,농사용,8057,4717052,401944321,85.2,63971
2024,11,강원특별자치도,강릉시,산업용,1326,76780467,14240754725,185.5,533736
2024,11,강원특별자치도,강릉시,심 야,7980,6076720,634430929,104.4,185167
2024,11,강원특별자치도,강릉시,일반용,23880,47534890,8346499435,175.6,579563
2024,11,강원특별자치도,강릉시,주택용,91156,27239905,4061620200,149.1,422337
2024,10,강원특별자치도,강릉시,가로등,15775,2086775,313687263,150.3,24558
2024,10,강원특별자치도,강릉시,교육용,122,3531413,492890883,139.6,66809
2024,10,강원특별자치도,강릉시,농사용,7779,4764410,406210170,85.3,63580
2024,10,강원특별자치도,강릉시,산업용,1329,66276128,10323733886,155.8,534375
2024,10,강원특별자치도,강릉시,심 야,8004,3270136,314340969,96.1,186128
2024,10,강원특별자치도,강릉시,일반용,23832,48826925,7816743431,160.1,577831
2024,10,강원특별자치도,강릉시,주택용,91102,26942789,3997426372,148.4,421078
