year,month,metro,city,biz,new,expansion,cancel
2026,07,강원특별자치도,강릉시,건설업,880,46,166
2026,07,강원특별자치도,강릉시,"공공 행정, 국방 및 사회보장 행정",254,18,0
2026,07,강원특별자치도,강릉시,교육 서비스업,0,550,0
2026,07,강원특별자치도,강릉시,금융 및 보험업,50,0,0
2026,07,강원특별자치도,강릉시,"농업, 임업 및 어업",147,45,22
2026,07,강원특별자치도,강릉시,도매 및 소매업,30,36,14
2026,07,강원특별자치도,강릉시,보건업 및 사회복지 서비스업,57,0,3
2026,07,강원특별자치도,강릉시,부동산업,1241,172,265
2026,07,강원특별자치도,강릉시,"사업시설 관리, 사업 지원 및 임대 서비스업",133,0,0
2026,07,강원특별자치도,강릉시,"수도, 하수 및 폐기물 처리, 원료 재생업",700,0,0
2026,07,강원특별자치도,강릉시,숙박 및 음식점업,78,193,74
2026,07,강원특별자치도,강릉시,"예술, 스포츠 및 여가관련 서비스업",0,7,0
2026,07,강원특별자치도,강릉시,운수 및 창고업,33,197,0
2026,07,강원특별자치도,강릉시,"전기, 가스, 증기 및 공기 조절 공급업",122,4,77
2026,07,강원특별자치도,강릉시,"전문, 과학 및 기술 서비스업",9,0,303
2026,07,강원특별자치도,강릉시,정보통신업,51,0,17
2026,07,강원특별자치도,강릉시,제조업,4000,5,0
2026,07,강원특별자치도,강릉시,주택용,204,66,790
2026,07,강원특별자치도,강릉시,"협회 및 단체, 수리 및 기타 개인 서비스업",0,12,0
2026,06,강원특별자치도,강릉시,건설업,199,0,80
2026,06,강원특별자치도,강릉시,"공공 행정, 국방 및 사회보장 행정",484,0,8
2026,06,강원특별자치도,강릉시,금융 및 보험업,20,0,0
2026,06,강원특별자치도,강릉시,"농업, 임업 및 어업",205,98,62
2026,06,강원특별자치도,강릉시,도매 및 소매업,618,68,45
2026,06,강원특별자치도,강릉시,보건업 및 사회복지 서비스업,5,45,24
2026,06,강원특별자치도,강릉시,부동산업,912,83,53
2026,06,강원특별자치도,강릉시,"사업시설 관리, 사업 지원 및 임대 서비스업",207,0,2083
2026,06,강원특별자치도,강릉시,"수도, 하수 및 폐기물 처리, 원료 재생업",68,1,0
2026,06,강원특별자치도,강릉시,숙박 및 음식점업,71,210,163
2026,06,강원특별자치도,강릉시,"예술, 스포츠 및 여가관련 서비스업",351,0,42
2026,06,강원특별자치도,강릉시,운수 및 창고업,37,0,5
2026,06,강원특별자치도,강릉시,"전기, 가스, 증기 및 공기 조절 공급업",682,0,85
2026,06,강원특별자치도,강릉시,"전문, 과학 및 기술 서비스업",5,0,0
2026,06,강원특별자치도,강릉시,정보통신업,59,2,37
2026,06,강원특별자치도,강릉시,제조업,151,44,4
2026,06,강원특별자치도,강릉시,주택용,267,285,750
2026,06,강원특별자치도,강릉시,"협회 및 단체, 수리 및 기타 개인 서비스업",0,0,33
2026,05,강원특별자치도,강릉시,건설업,204,0,978
2026,05,강원특별자치도,강릉시,"공공 행정, 국방 및 사회보장 행정",431,13,5
2026,05,강원특별자치도,강릉시,교육 서비스업,0,0,3
2026,05,강원특별자치도,강릉시,"농업, 임업 및 어업",107,50,8
2026,05,강원특별자치도,강릉시,도매 및 소매업,4,10,15
2026,05,강원특별자치도,강릉시,보건업 및 사회복지 서비스업,0,65,0
2026,05,강원특별자치도,강릉시,부동산업,123,177,41
2026,05,강원특별자치도,강릉시,"사업시설 관리, 사업 지원 및 임대 서비스업",2070,0,0
2026,05,강원특별자치도,강릉시,"수도, 하수 및 폐기물 처리, 원료 재생업",9,0,0
2026,05,강원특별자치도,강릉시,숙박 및 음식점업,76,139,66
2026,05,강원특별자치도,강릉시,운수 및 창고업,37,250,15
2026,05,강원특별자치도,강릉시,"전기, 가스, 증기 및 공기 조절 공급업",3998,6,21
2026,05,강원특별자치도,강릉시,"전문, 과학 및 기술 서비스업",43,0,3
2026,05,강원특별자치도,강릉시,정보통신업,27,0,7
2026,05,강원특별자치도,강릉시,제조업,720,65,0
2026,05,강원특별자치도,강릉시,주택용,139,104,305
2026,05,강원특별자치도,강릉시,"협회 및 단체, 수리 및 기타 개인 서비스업",0,24,0
2026,04,강원특별자치도,강릉시,건설업,227,334,81
2026,04,강원특별자치도,강릉시,"공공 행정, 국방 및 사회보장 행정",36,0,153
2026,04,강원특별자치도,강릉시,교육 서비스업,10,180,0
2026,04,강원특별자치도,강릉시,"농업, 임업 및 어업",169,27,74
2026,04,강원특별자치도,강릉시,도매 및 소매업,62,25,20
2026,04,강원특별자치도,강릉시,보건업 및 사회복지 서비스업,0,3,0
2026,04,강원특별자치도,강릉시,부동산업,89,240,181
2026,04,강원특별자치도,강릉시,"사업시설 관리, 사업 지원 및 임대 서비스업",30,0,60
2026,04,강원특별자치도,강릉시,"수도, 하수 및 폐기물 처리, 원료 재생업",0,0,13
2026,04,강원특별자치도,강릉시,숙박 및 음식점업,111,228,60
2026,04,강원특별자치도,강릉시,운수 및 창고업,109,0,0
2026,04,강원특별자치도,강릉시,"전기, 가스, 증기 및 공기 조절 공급업",612,0,52
2026,04,강원특별자치도,강릉시,"전문, 과학 및 기술 서비스업",1200,10,0
2026,04,강원특별자치도,강릉시,정보통신업,35,0,26
2026,04,강원특별자치도,강릉시,제조업,643,5,284
2026,04,강원특별자치도,강릉시,주택용,158,45,832
2026,04,강원특별자치도,강릉시,"협회 및 단체, 수리 및 기타 개인 서비스업",0,4,13
2026,03,강원특별자치도,강릉시,건설업,153,3,207
2026,03,강원특별자치도,강릉시,"공공 행정, 국방 및 사회보장 행정",186,0,0
2026,03,강원특별자치도,강릉시,광업,5,0,0
2026,03,강원특별자치도,강릉시,교육 서비스업,5,28,5
2026,03,강원특별자치도,강릉시,"농업, 임업 및 어업",124,0,45
2026,03,강원특별자치도,강릉시,도매 및 소매업,3,68,54
2026,03,강원특별자치도,강릉시,부동산업,269,189,211
2026,03,강원특별자치도,강릉시,"사업시설 관리, 사업 지원 및 임대 서비스업",180,0,12
2026,03,강원특별자치도,강릉시,"수도, 하수 및 폐기물 처리, 원료 재생업",130,0,11
2026,03,강원특별자치도,강릉시,숙박 및 음식점업,190,144,64
2026,03,강원특별자치도,강릉시,"예술, 스포츠 및 여가관련 서비스업",5,4,3
2026,03,강원특별자치도,강릉시,운수 및 창고업,44,30,9
2026,03,강원특별자치도,강릉시,"전기, 가스, 증기 및 공기 조절 공급업",472,0,57
2026,03,강원특별자치도,강릉시,정보통신업,56,0,11
2026,03,강원특별자치도,강릉시,제조업,600,405,25
2026,03,강원특별자치도,강릉시,주택용,146,1484,715
2026,03,강원특별자치도,강릉시,"협회 및 단체, 수리 및 기타 개인 서비스업",595,24,5
2026,02,강원특별자치도,강릉시,건설업,624,36,985
2026,02,강원특별자치도,강릉시,"공공 행정, 국방 및 사회보장 행정",78,8,0
2026,02,강원특별자치도,강릉시,교육 서비스업,600,150,20
2026,02,강원특별자치도,강릉시,금융 및 보험업,0,18,0
2026,02,강원특별자치도,강릉시,"농업, 임업 및 어업",177,10,85
2026,02,강원특별자치도,강릉시,도매 및 소매업,78,14,4
2026,02,강원특별자치도,강릉시,보건업 및 사회복지 서비스업,0,0,43
2026,02,강원특별자치도,강릉시,부동산업,457,134,183
2026,02,강원특별자치도,강릉시,"사업시설 관리, 사업 지원 및 임대 서비스업",4,10,0
2026,02,강원특별자치도,강릉시,"수도, 하수 및 폐기물 처리, 원료 재생업",5,0,67
2026,02,강원특별자치도,강릉시,숙박 및 음식점업,189,199,84
2026,02,강원특별자치도,강릉시,"예술, 스포츠 및 여가관련 서비스업",28,0,28
2026,02,강원특별자치도,강릉시,운수 및 창고업,19,0,3
2026,02,강원특별자치도,강릉시,"전기, 가스, 증기 및 공기 조절 공급업",318,315,70
2026,02,강원특별자치도,강릉시,"전문, 과학 및 기술 서비스업",1800,0,15
2026,02,강원특별자치도,강릉시,정보통신업,80010,0,14
2026,02,강원특별자치도,강릉시,제조업,0,0,55
2026,02,강원특별자치도,강릉시,주택용,153,11,540
2026,02,강원특별자치도,강릉시,"협회 및 단체, 수리 및 기타 개인 서비스업",0,0,13
2026,01,강원특별자치도,강릉시,건설업,239,0,71
2026,01,강원특별자치도,강릉시,"공공 행정, 국방 및 사회보장 행정",41,0,104
2026,01,강원특별자치도,강릉시,교육 서비스업,0,372,605
2026,01,강원특별자치도,강릉시,"농업, 임업 및 어업",88,50,26
2026,01,강원특별자치도,강릉시,도매 및 소매업,5,11,0
2026,01,강원특별자치도,강릉시,보건업 및 사회복지 서비스업,0,9,30
2026,01,강원특별자치도,강릉시,부동산업,1194,250,300
2026,01,강원특별자치도,강릉시,"수도, 하수 및 폐기물 처리, 원료 재생업",0,7,3
2026,01,강원특별자치도,강릉시,숙박 및 음식점업,208,90,48
2026,01,강원특별자치도,강릉시,"예술, 스포츠 및 여가관련 서비스업",3,0,3
2026,01,강원특별자치도,강릉시,운수 및 창고업,24,0,0
2026,01,강원특별자치도,강릉시,"전기, 가스, 증기 및 공기 조절 공급업",4862,18,628
2026,01,강원특별자치도,강릉시,정보통신업,38,0,8
2026,01,강원특별자치도,강릉시,제조업,0,12,1008
2026,01,강원특별자치도,강릉시,주택용,175,37,742
2025,12,강원특별자치도,강릉시,건설업,142,0,188
2025,12,강원특별자치도,강릉시,"공공 행정, 국방 및 사회보장 행정",526,3,4
2025,12,강원특별자치도,강릉시,교육 서비스업,3,0,3
2025,12,강원특별자치도,강릉시,금융 및 보험업,0,20,0
2025,12,강원특별자치도,강릉시,"농업, 임업 및 어업",1201,15,182
2025,12,강원특별자치도,강릉시,도매 및 소매업,50,40,67
2025,12,강원특별자치도,강릉시,보건업 및 사회복지 서비스업,60,12,0
2025,12,강원특별자치도,강릉시,부동산업,341,142,382
2025,12,강원특별자치도,강릉시,"사업시설 관리, 사업 지원 및 임대 서비스업",0,65,5
2025,12,강원특별자치도,강릉시,"수도, 하수 및 폐기물 처리, 원료 재생업",50,0,900
2025,12,강원특별자치도,강릉시,숙박 및 음식점업,0,32,65
2025,12,강원특별자치도,강릉시,운수 및 창고업,84,0,34
2025,12,강원특별자치도,강릉시,"전기, 가스, 증기 및 공기 조절 공급업",716,0,207
2025,12,강원특별자치도,강릉시,"전문, 과학 및 기술 서비스업",0,1000,5
2025,12,강원특별자치도,강릉시,정보통신업,35,1,62
2025,12,강원특별자치도,강릉시,제조업,0,8,78
2025,12,강원특별자치도,강릉시,주택용,155,19,1091
2025,12,강원특별자치도,강릉시,"협회 및 단체, 수리 및 기타 개인 서비스업",10,2,0
2025,11,강원특별자치도,강릉시,건설업,1972,41,1106
2025,11,강원특별자치도,강릉시,"공공 행정, 국방 및 사회보장 행정",187,22,5
2025,11,강원특별자치도,강릉시,교육 서비스업,0,10,0
2025,11,강원특별자치도,강릉시,"농업, 임업 및 어업",54,95,20
2025,11,강원특별자치도,강릉시,도매 및 소매업,19,7,52
2025,11,강원특별자치도,강릉시,보건업 및 사회복지 서비스업,0,0,17
2025,11,강원특별자치도,강릉시,부동산업,292,39,161
2025,11,강원특별자치도,강릉시,"사업시설 관리, 사업 지원 및 임대 서비스업",5,0,125
2025,11,강원특별자치도,강릉시,"수도, 하수 및 폐기물 처리, 원료 재생업",0,0,4
2025,11,강원특별자치도,강릉시,숙박 및 음식점업,305,1329,149
2025,11,강원특별자치도,강릉시,"예술, 스포츠 및 여가관련 서비스업",0,5,0
2025,11,강원특별자치도,강릉시,운수 및 창고업,48,2,10
2025,11,강원특별자치도,강릉시,"전기, 가스, 증기 및 공기 조절 공급업",905,3,69
2025,11,강원특별자치도,강릉시,"전문, 과학 및 기술 서비스업",3,0,0
2025,11,강원특별자치도,강릉시,정보통신업,113,22,5
2025,11,강원특별자치도,강릉시,제조업,0,3110,20
2025,11,강원특별자치도,강릉시,주택용,192,60,1385
2025,11,강원특별자치도,강릉시,"협회 및 단체, 수리 및 기타 개인 서비스업",46,0,0
2025,10,강원특별자치도,강릉시,건설업,1030,65,87
2025,10,강원특별자치도,강릉시,"공공 행정, 국방 및 사회보장 행정",50,0,1007
2025,10,강원특별자치도,강릉시,교육 서비스업,0,30,0
2025,10,강원특별자치도,강릉시,"농업, 임업 및 어업",49,328,67
2025,10,강원특별자치도,강릉시,도매 및 소매업,5,35,48
2025,10,강원특별자치도,강릉시,보건업 및 사회복지 서비스업,0,20,0
2025,10,강원특별자치도,강릉시,부동산업,453,154,75
2025,10,강원특별자치도,강릉시,"사업시설 관리, 사업 지원 및 임대 서비스업",0,0,5
2025,10,강원특별자치도,강릉시,"수도, 하수 및 폐기물 처리, 원료 재생업",4,0,3
2025,10,강원특별자치도,강릉시,숙박 및 음식점업,415,33,544
2025,10,강원특별자치도,강릉시,운수 및 창고업,55,12,0
2025,10,강원특별자치도,강릉시,"전기, 가스, 증기 및 공기 조절 공급업",5432,0,21
2025,10,강원특별자치도,강릉시,정보통신업,20,0,0
2025,10,강원특별자치도,강릉시,제조업,21,2800,73
2025,10,강원특별자치도,강릉시,주택용,234,6,769
2025,10,강원특별자치도,강릉시,"협회 및 단체, 수리 및 기타 개인 서비스업",0,16,3
2025,09,강원특별자치도,강릉시,건설업,880,0,211
2025,09,강원특별자치도,강릉시,"공공 행정, 국방 및 사회보장 행정",1037,816,0
2025,09,강원특별자치도,강릉시,교육 서비스업,0,0,15
2025,09,강원특별자치도,강릉시,"농업, 임업 및 어업",201,35,62
2025,09,강원특별자치도,강릉시,도매 및 소매업,0,20,16
2025,09,강원특별자치도,강릉시,부동산업,2535,272,76
2025,09,강원특별자치도,강릉시,"사업시설 관리, 사업 지원 및 임대 서비스업",0,0,183
2025,09,강원특별자치도,강릉시,"수도, 하수 및 폐기물 처리, 원료 재생업",135,0,9
2025,09,강원특별자치도,강릉시,숙박 및 음식점업,26,537,352
2025,09,강원특별자치도,강릉시,"예술, 스포츠 및 여가관련 서비스업",0,5,20
2025,09,강원특별자치도,강릉시,운수 및 창고업,61,1,0
2025,09,강원특별자치도,강릉시,"전기, 가스, 증기 및 공기 조절 공급업",2454,3,111
2025,09,강원특별자치도,강릉시,"전문, 과학 및 기술 서비스업",950,0,0
2025,09,강원특별자치도,강릉시,정보통신업,35,0,78
2025,09,강원특별자치도,강릉시,제조업,4000,0,0
2025,09,강원특별자치도,강릉시,주택용,333,30,960
2025,09,강원특별자치도,강릉시,"협회 및 단체, 수리 및 기타 개인 서비스업",0,6,40
2025,08,강원특별자치도,강릉시,건설업,137,6,95
2025,08,강원특별자치도,강릉시,"공공 행정, 국방 및 사회보장 행정",3376,1770,111
2025,08,강원특별자치도,강릉시,교육 서비스업,0,27,0
2025,08,강원특별자치도,강릉시,"농업, 임업 및 어업",481,169,29
2025,08,강원특별자치도,강릉시,도매 및 소매업,4,44,38
2025,08,강원특별자치도,강릉시,보건업 및 사회복지 서비스업,154,0,0
2025,08,강원특별자치도,강릉시,부동산업,315,141,62
2025,08,강원특별자치도,강릉시,"사업시설 관리, 사업 지원 및 임대 서비스업",0,0,88
2025,08,강원특별자치도,강릉시,"수도, 하수 및 폐기물 처리, 원료 재생업",0,900,0
2025,08,강원특별자치도,강릉시,숙박 및 음식점업,0,3321,320
2025,08,강원특별자치도,강릉시,"예술, 스포츠 및 여가관련 서비스업",0,0,480
2025,08,강원특별자치도,강릉시,운수 및 창고업,19,10,40
2025,08,강원특별자치도,강릉시,"전기, 가스, 증기 및 공기 조절 공급업",401,0,37
2025,08,강원특별자치도,강릉시,"전문, 과학 및 기술 서비스업",350,0,0
2025,08,강원특별자치도,강릉시,정보통신업,16,0,11
2025,08,강원특별자치도,강릉시,제조업,153,34,8
2025,08,강원특별자치도,강릉시,주택용,305,13,762
2025,08,강원특별자치도,강릉시,"협회 및 단체, 수리 및 기타 개인 서비스업",0,11,0
2025,07,강원특별자치도,강릉시,건설업,115,0,529
2025,07,강원특별자치도,강릉시,"공공 행정, 국방 및 사회보장 행정",331,8,33
2025,07,강원특별자치도,강릉시,"농업, 임업 및 어업",163,10,90
2025,07,강원특별자치도,강릉시,도매 및 소매업,9,79,46
2025,07,강원특별자치도,강릉시,보건업 및 사회복지 서비스업,5,27,0
2025,07,강원특별자치도,강릉시,부동산업,462,417,121
2025,07,강원특별자치도,강릉시,"사업시설 관리, 사업 지원 및 임대 서비스업",20,0,0
2025,07,강원특별자치도,강릉시,"수도, 하수 및 폐기물 처리, 원료 재생업",4,100,0
2025,07,강원특별자치도,강릉시,숙박 및 음식점업,72,297,28
2025,07,강원특별자치도,강릉시,"예술, 스포츠 및 여가관련 서비스업",0,4260,0
2025,07,강원특별자치도,강릉시,운수 및 창고업,54,27,3
2025,07,강원특별자치도,강릉시,"전기, 가스, 증기 및 공기 조절 공급업",205,0,105
2025,07,강원특별자치도,강릉시,"전문, 과학 및 기술 서비스업",955,0,4
2025,07,강원특별자치도,강릉시,정보통신업,55,21,87
2025,07,강원특별자치도,강릉시,제조업,0,7,0
2025,07,강원특별자치도,강릉시,주택용,363,28,932
2025,07,강원특별자치도,강릉시,"협회 및 단체, 수리 및 기타 개인 서비스업",465,46,0
2025,06,강원특별자치도,강릉시,건설업,759,0,717
2025,06,강원특별자치도,강릉시,"공공 행정, 국방 및 사회보장 행정",129,10,221
2025,06,강원특별자치도,강릉시,교육 서비스업,33,0,3
2025,06,강원특별자치도,강릉시,"농업, 임업 및 어업",89,286,23
2025,06,강원특별자치도,강릉시,도매 및 소매업,0,29,18
2025,06,강원특별자치도,강릉시,보건업 및 사회복지 서비스업,0,3002,0
2025,06,강원특별자치도,강릉시,부동산업,457,105,115
2025,06,강원특별자치도,강릉시,"사업시설 관리, 사업 지원 및 임대 서비스업",206,0,1808
2025,06,강원특별자치도,강릉시,숙박 및 음식점업,203,156,89
2025,06,강원특별자치도,강릉시,"예술, 스포츠 및 여가관련 서비스업",450,0,0
2025,06,강원특별자치도,강릉시,운수 및 창고업,83,50,23
2025,06,강원특별자치도,강릉시,"전기, 가스, 증기 및 공기 조절 공급업",137,12,92
2025,06,강원특별자치도,강릉시,"전문, 과학 및 기술 서비스업",3,37,6
2025,06,강원특별자치도,강릉시,정보통신업,36,2,7
2025,06,강원특별자치도,강릉시,제조업,353,90,300
2025,06,강원특별자치도,강릉시,주택용,360,30,1076
2025,06,강원특별자치도,강릉시,"협회 및 단체, 수리 및 기타 개인 서비스업",4,10,0
2025,05,강원특별자치도,강릉시,건설업,204,3,79
2025,05,강원특별자치도,강릉시,"공공 행정, 국방 및 사회보장 행정",429,126,11
2025,05,강원특별자치도,강릉시,교육 서비스업,0,10,114
2025,05,강원특별자치도,강릉시,금융 및 보험업,0,0,7
2025,05,강원특별자치도,강릉시,"농업, 임업 및 어업",144,5,30
2025,05,강원특별자치도,강릉시,도매 및 소매업,40,47,8
2025,05,강원특별자치도,강릉시,보건업 및 사회복지 서비스업,5,52,35
2025,05,강원특별자치도,강릉시,부동산업,266,922,439
2025,05,강원특별자치도,강릉시,"수도, 하수 및 폐기물 처리, 원료 재생업",4,0,0
2025,05,강원특별자치도,강릉시,숙박 및 음식점업,84,74,38
2025,05,강원특별자치도,강릉시,운수 및 창고업,117,0,15
2025,05,강원특별자치도,강릉시,"전기, 가스, 증기 및 공기 조절 공급업",138,0,917
2025,05,강원특별자치도,강릉시,"전문, 과학 및 기술 서비스업",40,0,0
2025,05,강원특별자치도,강릉시,정보통신업,73,0,3
2025,05,강원특별자치도,강릉시,제조업,0,12,12
2025,05,강원특별자치도,강릉시,주택용,374,15,864
2025,05,강원특별자치도,강릉시,"협회 및 단체, 수리 및 기타 개인 서비스업",0,130,5
2025,04,강원특별자치도,강릉시,건설업,2631,10,499
2025,04,강원특별자치도,강릉시,"공공 행정, 국방 및 사회보장 행정",2511,28,144
2025,04,강원특별자치도,강릉시,광업,0,0,50
2025,04,강원특별자치도,강릉시,금융 및 보험업,72,15,4
2025,04,강원특별자치도,강릉시,"농업, 임업 및 어업",205,155,47
2025,04,강원특별자치도,강릉시,도매 및 소매업,0,294,43
2025,04,강원특별자치도,강릉시,보건업 및 사회복지 서비스업,20,24,80
2025,04,강원특별자치도,강릉시,부동산업,8115,107,125
2025,04,강원특별자치도,강릉시,"사업시설 관리, 사업 지원 및 임대 서비스업",1925,0,40
2025,04,강원특별자치도,강릉시,"수도, 하수 및 폐기물 처리, 원료 재생업",150,47,0
2025,04,강원특별자치도,강릉시,숙박 및 음식점업,212,270,0
2025,04,강원특별자치도,강릉시,운수 및 창고업,58,5,7
2025,04,강원특별자치도,강릉시,"전기, 가스, 증기 및 공기 조절 공급업",100,36,85
2025,04,강원특별자치도,강릉시,"전문, 과학 및 기술 서비스업",7,5,5
2025,04,강원특별자치도,강릉시,정보통신업,53,0,14
2025,04,강원특별자치도,강릉시,제조업,180,90,186
2025,04,강원특별자치도,강릉시,주택용,353,10,994
2025,04,강원특별자치도,강릉시,"협회 및 단체, 수리 및 기타 개인 서비스업",0,34,15
2025,03,강원특별자치도,강릉시,건설업,1238,58,1521
2025,03,강원특별자치도,강릉시,"공공 행정, 국방 및 사회보장 행정",424,5,9
2025,03,강원특별자치도,강릉시,교육 서비스업,30,0,0
2025,03,강원특별자치도,강릉시,"농업, 임업 및 어업",106,0,64
2025,03,강원특별자치도,강릉시,도매 및 소매업,33,18,366
2025,03,강원특별자치도,강릉시,보건업 및 사회복지 서비스업,46,18,100
2025,03,강원특별자치도,강릉시,부동산업,815,1121,690
2025,03,강원특별자치도,강릉시,"사업시설 관리, 사업 지원 및 임대 서비스업",30,0,0
2025,03,강원특별자치도,강릉시,숙박 및 음식점업,124,248,167
2025,03,강원특별자치도,강릉시,"예술, 스포츠 및 여가관련 서비스업",6,0,0
2025,03,강원특별자치도,강릉시,운수 및 창고업,34,0,3
2025,03,강원특별자치도,강릉시,"전기, 가스, 증기 및 공기 조절 공급업",1707,3,70
2025,03,강원특별자치도,강릉시,"전문, 과학 및 기술 서비스업",8503,0,0
2025,03,강원특별자치도,강릉시,정보통신업,27,2,9
2025,03,강원특별자치도,강릉시,제조업,5,42,23
2025,03,강원특별자치도,강릉시,주택용,360,10,741
2025,03,강원특별자치도,강릉시,"협회 및 단체, 수리 및 기타 개인 서비스업",3,62,9
2025,02,강원특별자치도,강릉시,건설업,634,28,85
2025,02,강원특별자치도,강릉시,"공공 행정, 국방 및 사회보장 행정",596,0,33
2025,02,강원특별자치도,강릉시,교육 서비스업,0,10,3
2025,02,강원특별자치도,강릉시,금융 및 보험업,0,9,0
2025,02,강원특별자치도,강릉시,"농업, 임업 및 어업",77,9,32
2025,02,강원특별자치도,강릉시,도매 및 소매업,3,107,114
2025,02,강원특별자치도,강릉시,보건업 및 사회복지 서비스업,500,0,150
2025,02,강원특별자치도,강릉시,부동산업,5773,179,3034
2025,02,강원특별자치도,강릉시,"사업시설 관리, 사업 지원 및 임대 서비스업",10,0,0
2025,02,강원특별자치도,강릉시,"수도, 하수 및 폐기물 처리, 원료 재생업",900,0,4
2025,02,강원특별자치도,강릉시,숙박 및 음식점업,100,1062,23
2025,02,강원특별자치도,강릉시,운수 및 창고업,24,140,15
2025,02,강원특별자치도,강릉시,"전기, 가스, 증기 및 공기 조절 공급업",397,34,68
2025,02,강원특별자치도,강릉시,정보통신업,16,0,8
2025,02,강원특별자치도,강릉시,제조업,290,0,320
2025,02,강원특별자치도,강릉시,주택용,442,51,1222
2025,02,강원특별자치도,강릉시,"협회 및 단체, 수리 및 기타 개인 서비스업",25,4,25
2025,01,강원특별자치도,강릉시,건설업,329,0,94
2025,01,강원특별자치도,강릉시,"공공 행정, 국방 및 사회보장 행정",963,953,0
2025,01,강원특별자치도,강릉시,교육 서비스업,0,200,260
2025,01,강원특별자치도,강릉시,"농업, 임업 및 어업",30,13,29
2025,01,강원특별자치도,강릉시,도매 및 소매업,33,7,50
2025,01,강원특별자치도,강릉시,보건업 및 사회복지 서비스업,105,10,0
2025,01,강원특별자치도,강릉시,부동산업,197,286,139
2025,01,강원특별자치도,강릉시,"사업시설 관리, 사업 지원 및 임대 서비스업",0,0,152
2025,01,강원특별자치도,강릉시,숙박 및 음식점업,84,612,65
2025,01,강원특별자치도,강릉시,"예술, 스포츠 및 여가관련 서비스업",0,8,5
2025,01,강원특별자치도,강릉시,운수 및 창고업,16,0,0
2025,01,강원특별자치도,강릉시,"전기, 가스, 증기 및 공기 조절 공급업",207,0,14
2025,01,강원특별자치도,강릉시,"전문, 과학 및 기술 서비스업",250,4,0
2025,01,강원특별자치도,강릉시,정보통신업,26,0,25
2025,01,강원특별자치도,강릉시,제조업,505,24,500
2025,01,강원특별자치도,강릉시,주택용,437,25,986
2025,01,강원특별자치도,강릉시,"협회 및 단체, 수리 및 기타 개인 서비스업",0,27,0
2024,12,강원특별자치도,강릉시,건설업,82,1501,1492
2024,12,강원특별자치도,강릉시,"공공 행정, 국방 및 사회보장 행정",84,0,20
2024,12,강원특별자치도,강릉시,교육 서비스업,5,0,25
2024,12,강원특별자치도,강릉시,"농업, 임업 및 어업",53,45,42
2024,12,강원특별자치도,강릉시,도매 및 소매업,37,35,46
2024,12,강원특별자치도,강릉시,보건업 및 사회복지 서비스업,0,124,150
2024,12,강원특별자치도,강릉시,부동산업,992,303,84
2024,12,강원특별자치도,강릉시,"사업시설 관리, 사업 지원 및 임대 서비스업",0,0,11
2024,12,강원특별자치도,강릉시,"수도, 하수 및 폐기물 처리, 원료 재생업",0,0,16
2024,12,강원특별자치도,강릉시,숙박 및 음식점업,15,158,138
2024,12,강원특별자치도,강릉시,"예술, 스포츠 및 여가관련 서비스업",0,0,18
2024,12,강원특별자치도,강릉시,운수 및 창고업,27,0,8
2024,12,강원특별자치도,강릉시,"전기, 가스, 증기 및 공기 조절 공급업",473,0,49
2024,12,강원특별자치도,강릉시,"전문, 과학 및 기술 서비스업",13,0,3
2024,12,강원특별자치도,강릉시,정보통신업,10,2,37
2024,12,강원특별자치도,강릉시,제조업,1015,0,1017
2024,12,강원특별자치도,강릉시,주택용,423,38,705
2024,12,강원특별자치도,강릉시,"협회 및 단체, 수리 및 기타 개인 서비스업",0,17,4
2024,11,강원특별자치도,강릉시,건설업,961,459,228
2024,11,강원특별자치도,강릉시,"공공 행정, 국방 및 사회보장 행정",104,8,5
2024,11,강원특별자치도,강릉시,"농업, 임업 및 어업",75,217,47
2024,11,강원특별자치도,강릉시,도매 및 소매업,33,44,552
2024,11,강원특별자치도,강릉시,보건업 및 사회복지 서비스업,0,0,3
2024,11,강원특별자치도,강릉시,부동산업,5281,159,23
2024,11,강원특별자치도,강릉시,"사업시설 관리, 사업 지원 및 임대 서비스업",10,0,0
2024,11,강원특별자치도,강릉시,숙박 및 음식점업,128,271,96
2024,11,강원특별자치도,강릉시,"예술, 스포츠 및 여가관련 서비스업",3,0,10
2024,11,강원특별자치도,강릉시,운수 및 창고업,52,0,12
2024,11,강원특별자치도,강릉시,"전기, 가스, 증기 및 공기 조절 공급업",69,7,67
2024,11,강원특별자치도,강릉시,"전문, 과학 및 기술 서비스업",303,10,3
2024,11,강원특별자치도,강릉시,정보통신업,24,2,59
2024,11,강원특별자치도,강릉시,제조업,87,5,20
2024,11,강원특별자치도,강릉시,주택용,425,20,862
2024,11,강원특별자치도,강릉시,"협회 및 단체, 수리 및 기타 개인 서비스업",0,0,178
2024,10,강원특별자치도,강릉시,건설업,154,0,278
2024,10,강원특별자치도,강릉시,"공공 행정, 국방 및 사회보장 행정",1046,300,9
2024,10,강원특별자치도,강릉시,교육 서비스업,0,210,0
2024,10,강원특별자치도,강릉시,"농업, 임업 및 어업",99,107,3
2024,10,강원특별자치도,강릉시,도매 및 소매업,17,436,55
2024,10,강원특별자치도,강릉시,보건업 및 사회복지 서비스업,0,7,0
2024,10,강원특별자치도,강릉시,부동산업,399,840,76
2024,10,강원특별자치도,강릉시,"사업시설 관리, 사업 지원 및 임대 서비스업",5,0,13
2024,10,강원특별자치도,강릉시,숙박 및 음식점업,451,122,434
2024,10,강원특별자치도,강릉시,"예술, 스포츠 및 여가관련 서비스업",6,0,6
2024,10,강원특별자치도,강릉시,운수 및 창고업,46,30,3
2024,10,강원특별자치도,강릉시,"전기, 가스, 증기 및 공기 조절 공급업",470,0,63
2024,10,강원특별자치도,강릉시,정보통신업,40,7,33
2024,10,강원특별자치도,강릉시,제조업,0,3650,303
2024,10,강원특별자치도,강릉시,주택용,378,0,1337
2024,10,강원특별자치도,강릉시,"협회 및 단체, 수리 및 기타 개인 서비스업",0,6,50
